id,first_name,last_name,email,gender,ip_address
1,Woodrow,Perone,wperone0@fastcompany.com,Male,110.239.207.7
2,Deloris,Skitt,dskitt1@umich.edu,Female,202.73.149.46
3,Bay,Jeffs,bjeffs2@usgs.gov,Male,221.198.145.101
4,Felecia,Dowzell,fdowzell3@latimes.com,Female,253.103.191.64
5,Manolo,Begwell,mbegwell4@diigo.com,Male,30.63.81.39
6,Erin,Wattam,ewattam5@google.com.hk,Female,115.15.150.172
7,Marna,Twydell,mtwydell6@webmd.com,Female,96.190.0.11
8,Brandtr,Rittelmeyer,brittelmeyer7@homestead.com,Male,204.170.26.121
9,Norine,Crasford,ncrasford8@weebly.com,Female,202.63.56.17
10,Othilia,McCullogh,omccullogh9@posterous.com,Female,5.236.46.10
11,Dulcy,Eaglen,deaglena@360.cn,Female,133.100.24.173
12,Shermie,Justun,sjustunb@washington.edu,Male,23.88.159.104
13,Valentino,Doswell,vdoswellc@comsenz.com,Male,170.201.14.170
14,Garrott,Molan,gmoland@netscape.com,Male,219.41.231.151
15,Gibb,Himsworth,ghimsworthe@nps.gov,Male,82.1.155.237
16,Jaclyn,Neville,jnevillef@cbc.ca,Female,150.223.120.239
17,Staffard,Perrington,sperringtong@angelfire.com,Male,52.202.198.30
18,Ado,Gouth,agouthh@dailymail.co.uk,Male,89.224.45.53
19,Cristobal,Ardron,cardroni@google.es,Non-binary,53.180.185.101
20,Kris,Grut,kgrutj@timesonline.co.uk,Agender,192.48.9.100
21,Ginnifer,Doll,gdollk@tinyurl.com,Female,4.136.244.149
22,Dotty,Guichard,dguichardl@feedburner.com,Female,26.221.82.135
23,Sascha,Adnam,sadnamm@trellian.com,Male,242.76.29.9
24,Tamera,Braams,tbraamsn@1688.com,Female,194.78.82.113
25,Silvio,Dibling,sdiblingo@nhs.uk,Male,214.57.125.167
26,Berenice,Firth,bfirthp@themeforest.net,Female,76.132.194.8
27,Dominique,Eldritt,deldrittq@vinaora.com,Female,83.217.255.14
28,Kamila,Bennough,kbennoughr@ucla.edu,Female,140.56.131.114
29,Hurley,Thredder,hthredders@sbwire.com,Male,133.32.209.213
30,Hugibert,Corran,hcorrant@delicious.com,Male,186.242.80.190
31,Bernhard,Cossum,bcossumu@nature.com,Male,77.128.23.208
32,Pepe,Dumbelton,pdumbeltonv@yelp.com,Male,249.216.198.232
33,Suzann,Danett,sdanettw@bloomberg.com,Female,157.238.133.160
34,Janelle,Derell,jderellx@aol.com,Female,139.246.200.99
35,Klement,Sainsberry,ksainsberryy@berkeley.edu,Male,74.223.149.147
36,Daisie,Croysdale,dcroysdalez@mozilla.org,Female,18.122.34.200
37,Udall,Hatton,uhatton10@omniture.com,Male,65.250.129.220
38,Alfred,Aveson,aaveson11@aboutads.info,Male,76.137.120.102
39,Sianna,Longworthy,slongworthy12@ebay.com,Female,120.243.24.250
40,Shaylynn,Petraitis,spetraitis13@chron.com,Female,138.225.85.53
41,Roderic,Bloan,rbloan14@barnesandnoble.com,Male,236.74.62.12
42,Kimbell,Bearham,kbearham15@businesswire.com,Male,205.54.242.224
43,Jase,Myrtle,jmyrtle16@meetup.com,Male,127.35.219.40
44,Noach,Clissold,nclissold17@indiatimes.com,Male,61.195.47.18
45,Teri,Wastell,twastell18@nature.com,Female,48.198.164.199
46,Gilemette,Sarge,gsarge19@ask.com,Female,190.226.89.14
47,Holt,Forrestor,hforrestor1a@army.mil,Male,130.5.11.153
48,Abel,Stockill,astockill1b@hibu.com,Male,102.194.110.225
49,Jamill,Gregore,jgregore1c@feedburner.com,Male,173.220.221.42
50,Bondy,Scholard,bscholard1d@cdc.gov,Genderqueer,251.212.22.206
51,Barry,Llewhellin,bllewhellin1e@mtv.com,Male,165.46.84.2
52,Meggi,Fawcett,mfawcett1f@whitehouse.gov,Female,43.222.127.14
53,Alfie,Suttill,asuttill1g@acquirethisname.com,Genderfluid,159.236.39.38
54,Letitia,Mourgue,lmourgue1h@t-online.de,Female,21.67.43.51
55,Lamont,Cradick,lcradick1i@blogs.com,Male,30.71.117.2
56,Phelia,Warratt,pwarratt1j@dion.ne.jp,Polygender,56.123.199.171
57,Perceval,Manthorpe,pmanthorpe1k@craigslist.org,Male,236.165.64.24
58,Magnum,Beddoes,mbeddoes1l@ucsd.edu,Male,213.84.22.131
59,Celine,Flemmich,cflemmich1m@comcast.net,Female,111.10.108.16
60,Betti,Arnley,barnley1n@tamu.edu,Female,143.13.245.147
61,Retha,Slocomb,rslocomb1o@ed.gov,Female,38.205.122.190
62,Charisse,Hawse,chawse1p@csmonitor.com,Female,35.163.155.119
63,Emylee,Hambrook,ehambrook1q@jiathis.com,Female,18.82.65.54
64,Jamesy,Arney,jarney1r@jigsy.com,Male,152.143.193.43
65,Gino,Goldhawk,ggoldhawk1s@cargocollective.com,Male,198.3.14.47
66,Neville,Lamble,nlamble1t@umich.edu,Male,221.219.198.215
67,Ryann,Babinski,rbabinski1u@yandex.ru,Female,57.102.177.219
68,Hersh,Tonn,htonn1v@ebay.com,Male,18.213.124.249
69,Edan,Walker,ewalker1w@weibo.com,Male,110.132.162.230
70,Catherina,Huburn,chuburn1x@meetup.com,Female,208.221.248.76
71,Ravid,Wrightim,rwrightim1y@usa.gov,Male,3.53.215.185
72,Pru,Frantzeni,pfrantzeni1z@woothemes.com,Agender,224.23.92.168
73,Judas,Climson,jclimson20@studiopress.com,Male,43.246.142.176
74,Marya,Sermin,msermin21@alibaba.com,Female,24.12.53.115
75,Morgan,Klauber,mklauber22@reuters.com,Agender,92.250.7.105
76,Felix,Snassell,fsnassell23@sfgate.com,Agender,37.113.133.84
77,Creigh,Tapping,ctapping24@tmall.com,Genderfluid,49.166.239.240
78,Cecile,Johnsey,cjohnsey25@spotify.com,Female,51.251.186.213
79,Chaddy,Tax,ctax26@istockphoto.com,Male,139.111.13.50
80,Molli,Brammer,mbrammer27@facebook.com,Polygender,94.61.234.36
81,Karrie,Troppmann,ktroppmann28@stumbleupon.com,Female,128.230.153.14
82,Hilary,Caunce,hcaunce29@auda.org.au,Male,225.180.216.209
83,Walt,Kemball,wkemball2a@nytimes.com,Male,188.238.46.53
84,Hirsch,Keppy,hkeppy2b@bbc.co.uk,Male,218.204.119.56
85,Dot,Wildt,dwildt2c@google.it,Female,127.183.71.218
86,Standford,Sheaber,ssheaber2d@gnu.org,Male,183.4.177.235
87,Mallorie,Bohin,mbohin2e@wikispaces.com,Female,33.67.69.79
88,Pavia,Morecombe,pmorecombe2f@elpais.com,Female,194.176.104.92
89,Zitella,Jaques,zjaques2g@blog.com,Female,30.224.168.92
90,Goldy,Witul,gwitul2h@abc.net.au,Female,116.231.189.242
91,Dewitt,Riha,driha2i@patch.com,Male,78.201.228.51
92,Lamar,MacKniely,lmackniely2j@dailymail.co.uk,Male,200.53.150.216
93,Ari,Harses,aharses2k@pagesperso-orange.fr,Polygender,205.239.67.172
94,Vance,Frissell,vfrissell2l@homestead.com,Male,94.89.158.104
95,Leland,Storm,lstorm2m@weebly.com,Male,126.35.233.41
96,Leonard,Ricci,lricci2n@nba.com,Male,209.139.44.120
97,Sterne,Tire,stire2o@sohu.com,Male,70.47.177.164
98,Mallissa,Swait,mswait2p@discovery.com,Female,239.205.131.8
99,Rock,Orpyne,rorpyne2q@photobucket.com,Male,110.97.160.139
100,Ethelred,Milstead,emilstead2r@123-reg.co.uk,Male,31.149.192.90
101,Tedmund,Caile,tcaile2s@tmall.com,Male,240.224.30.107
102,Illa,Falla,ifalla2t@wikimedia.org,Female,115.162.193.222
103,Bernarr,Dobbings,bdobbings2u@w3.org,Male,4.112.109.32
104,Kacie,Shevlin,kshevlin2v@163.com,Genderqueer,117.210.160.81
105,Jeri,Dwire,jdwire2w@4shared.com,Female,212.112.118.181
106,Jorie,Clynter,jclynter2x@kickstarter.com,Female,31.231.82.90
107,Noe,Dorney,ndorney2y@umn.edu,Male,143.18.67.121
108,Dorey,Feldhammer,dfeldhammer2z@boston.com,Female,97.9.224.3
109,Berty,Sowter,bsowter30@i2i.jp,Male,4.117.35.14
110,Sky,Nowland,snowland31@vkontakte.ru,Male,252.235.174.77
111,Sheri,Vineall,svineall32@vistaprint.com,Female,180.44.113.154
112,Olvan,Crowth,ocrowth33@reddit.com,Male,216.163.12.29
113,Kellen,Westerman,kwesterman34@mail.ru,Female,6.26.80.123
114,Devondra,Ivantsov,divantsov35@ebay.com,Female,137.23.190.224
115,Oswald,Tilbey,otilbey36@buzzfeed.com,Male,115.62.181.201
116,Yvonne,Beart,ybeart37@goodreads.com,Female,136.234.250.246
117,Ardeen,Hickin,ahickin38@storify.com,Female,80.94.157.205
118,Rhonda,Dominicacci,rdominicacci39@indiegogo.com,Genderqueer,76.246.150.24
119,Rasla,Agostini,ragostini3a@altervista.org,Genderfluid,119.136.140.38
120,Moishe,Tonkin,mtonkin3b@usda.gov,Agender,148.3.217.238
121,Nathaniel,MacCorley,nmaccorley3c@cargocollective.com,Male,208.8.169.214
122,Morgan,Snelle,msnelle3d@stanford.edu,Male,83.193.136.228
123,Vladimir,Van Eeden,vvaneeden3e@t-online.de,Male,47.243.58.125
124,Hadleigh,Pickance,hpickance3f@merriam-webster.com,Male,77.93.217.225
125,Granville,Riddles,griddles3g@blogger.com,Male,71.85.203.231
126,Merell,Cutforth,mcutforth3h@stumbleupon.com,Non-binary,215.19.20.141
127,Domeniga,Soles,dsoles3i@rakuten.co.jp,Female,50.175.10.164
128,Renata,Lygo,rlygo3j@usa.gov,Female,155.248.37.57
129,Doralyn,Woodroffe,dwoodroffe3k@zdnet.com,Genderqueer,193.39.53.34
130,Julieta,Caves,jcaves3l@kickstarter.com,Female,2.211.241.133
131,Jabez,MacCumiskey,jmaccumiskey3m@ox.ac.uk,Male,229.114.252.200
132,Rockey,Roelofs,rroelofs3n@prweb.com,Male,235.143.92.174
133,Tammara,Bracco,tbracco3o@patch.com,Female,119.19.183.244
134,Shawn,Champley,schampley3p@newsvine.com,Polygender,85.213.97.116
135,Den,Grissett,dgrissett3q@blinklist.com,Male,95.56.163.169
136,Collen,Bonnett,cbonnett3r@nationalgeographic.com,Female,115.32.37.210
137,Heddie,Strang,hstrang3s@purevolume.com,Female,109.102.188.21
138,Erl,Mangenot,emangenot3t@bbc.co.uk,Male,254.21.119.146
139,Mildred,Stidson,mstidson3u@walmart.com,Female,153.199.196.42
140,Henrie,Barwis,hbarwis3v@umn.edu,Female,18.159.251.12
141,Jonell,Spitaro,jspitaro3w@wufoo.com,Female,139.90.69.52
142,Tabbie,Bozier,tbozier3x@plala.or.jp,Male,106.24.162.219
143,Lizzie,Radclyffe,lradclyffe3y@hexun.com,Female,117.242.204.96
144,Rita,Redd,rredd3z@clickbank.net,Female,225.75.35.149
145,Jessamyn,Houseley,jhouseley40@google.co.jp,Female,151.31.161.215
146,Damien,Gillaspy,dgillaspy41@epa.gov,Male,65.196.215.43
147,Emma,Reisenstein,ereisenstein42@bloomberg.com,Female,55.43.109.136
148,Bruce,Pennino,bpennino43@china.com.cn,Male,189.218.210.232
149,Base,Saw,bsaw44@buzzfeed.com,Male,203.103.168.193
150,Rudolfo,Chipps,rchipps45@wufoo.com,Bigender,250.101.61.230
151,Patricia,Semaine,psemaine46@freewebs.com,Female,106.204.73.152
152,Penny,Cregg,pcregg47@lulu.com,Female,127.25.208.250
153,Kelly,Crosoer,kcrosoer48@uol.com.br,Female,114.56.70.184
154,Jacquelyn,Jurek,jjurek49@mlb.com,Female,138.130.190.180
155,Lanny,Haddington,lhaddington4a@blogspot.com,Male,29.137.52.233
156,Moore,Fetterplace,mfetterplace4b@sciencedirect.com,Male,216.15.152.187
157,Mickie,Thorington,mthorington4c@comsenz.com,Male,86.112.204.106
158,Suellen,Leale,sleale4d@list-manage.com,Female,194.184.45.123
159,Eugenius,Rowet,erowet4e@cnn.com,Male,227.242.223.154
160,Damaris,Burnall,dburnall4f@slate.com,Female,23.61.245.215
161,Danyette,McCullum,dmccullum4g@purevolume.com,Bigender,28.240.185.38
162,Dorotea,Hambrick,dhambrick4h@forbes.com,Female,73.0.100.161
163,Gerrard,Alders,galders4i@cisco.com,Male,2.103.87.95
164,Austine,Grey,agrey4j@blogtalkradio.com,Female,230.153.6.179
165,Shurlocke,Matheson,smatheson4k@w3.org,Male,94.118.157.170
166,Sid,Struis,sstruis4l@discovery.com,Male,221.205.141.114
167,Lyndy,Agate,lagate4m@netvibes.com,Female,86.126.167.230
168,Granville,Frissell,gfrissell4n@usa.gov,Male,79.29.228.188
169,Emalee,Maunder,emaunder4o@themeforest.net,Female,10.19.120.220
170,Jaime,Ingledew,jingledew4p@yelp.com,Male,137.97.2.242
171,Elbert,Ward,eward4q@apache.org,Male,2.129.37.119
172,Frederich,Clother,fclother4r@addtoany.com,Male,202.105.26.103
173,Reagen,MacCook,rmaccook4s@squarespace.com,Agender,81.86.186.34
174,Valida,Anglish,vanglish4t@linkedin.com,Polygender,63.191.22.100
175,Braden,Stopforth,bstopforth4u@histats.com,Male,240.147.168.183
176,Zacharia,Kennicott,zkennicott4v@studiopress.com,Male,231.140.6.58
177,Orren,Quig,oquig4w@multiply.com,Male,190.208.189.97
178,Donny,Pendrick,dpendrick4x@gravatar.com,Male,46.101.228.11
179,Royce,Torrijos,rtorrijos4y@wordpress.org,Male,193.27.174.19
180,Kiersten,Cogar,kcogar4z@ustream.tv,Female,12.248.171.158
181,Julienne,Mibourne,jmibourne50@sohu.com,Female,180.249.202.39
182,Nike,Rotte,nrotte51@theglobeandmail.com,Female,72.205.209.241
183,Ortensia,Horder,ohorder52@dagondesign.com,Female,168.154.161.219
184,Billye,Hefferon,bhefferon53@devhub.com,Female,179.159.63.9
185,Miller,Hardwich,mhardwich54@nyu.edu,Male,129.250.6.151
186,Basil,Poytheras,bpoytheras55@ezinearticles.com,Male,49.37.192.66
187,Scot,Daouze,sdaouze56@linkedin.com,Male,244.191.2.1
188,Vincenty,Matthews,vmatthews57@wisc.edu,Male,161.110.252.177
189,Chandler,Grinov,cgrinov58@bloglovin.com,Male,96.97.124.24
190,Megan,Joul,mjoul59@rediff.com,Female,18.153.73.198
191,Alan,Walles,awalles5a@huffingtonpost.com,Male,253.40.60.140
192,Catlaina,Postans,cpostans5b@shutterfly.com,Genderfluid,28.127.252.174
193,Lesya,Jakubovitch,ljakubovitch5c@dell.com,Female,217.80.64.234
194,Celine,Wapplington,cwapplington5d@t-online.de,Female,233.8.40.72
195,Haily,Breinlein,hbreinlein5e@tumblr.com,Female,30.228.145.32
196,Reeba,Garriock,rgarriock5f@addtoany.com,Female,113.147.23.19
197,Farris,Simenel,fsimenel5g@ed.gov,Male,102.32.108.19
198,Gabriell,Agronski,gagronski5h@unc.edu,Female,114.139.88.136
199,Maggi,McQuaid,mmcquaid5i@ftc.gov,Female,136.160.139.166
200,Solomon,Sandell,ssandell5j@t-online.de,Male,136.100.146.139
201,Fowler,Pentercost,fpentercost5k@geocities.jp,Agender,187.54.60.159
202,Michel,Batthew,mbatthew5l@fotki.com,Female,175.226.30.133
203,Roberta,Howel,rhowel5m@epa.gov,Bigender,13.146.227.133
204,Lynn,Braidley,lbraidley5n@ebay.com,Male,49.15.119.159
205,Zsa zsa,Cordel,zcordel5o@wikispaces.com,Female,197.77.58.12
206,Ruthe,Hawtin,rhawtin5p@tmall.com,Agender,253.144.255.186
207,Fair,Ashness,fashness5q@csmonitor.com,Male,100.71.230.161
208,Jere,Cudde,jcudde5r@yellowbook.com,Male,241.196.212.112
209,Hoyt,Renihan,hrenihan5s@amazon.com,Male,16.82.183.60
210,Mira,Van Hesteren,mvanhesteren5t@pen.io,Female,115.235.185.118
211,Marsh,Carpe,mcarpe5u@abc.net.au,Male,93.225.250.209
212,Marketa,Elsmor,melsmor5v@drupal.org,Female,118.102.16.33
213,Ezra,Baroch,ebaroch5w@oracle.com,Male,90.181.10.159
214,Zed,Glasscoo,zglasscoo5x@goodreads.com,Male,119.238.250.87
215,Duky,Stiant,dstiant5y@indiatimes.com,Male,55.251.146.167
216,Wendel,Halfpenny,whalfpenny5z@chicagotribune.com,Male,38.219.67.88
217,Ari,Raithby,araithby60@independent.co.uk,Agender,166.175.2.108
218,Jacquetta,Splaven,jsplaven61@ifeng.com,Female,231.135.116.113
219,Bernhard,Gregory,bgregory62@admin.ch,Male,205.1.66.39
220,Sherm,Ilieve,silieve63@unc.edu,Non-binary,221.202.10.130
221,Penny,Puddle,ppuddle64@ustream.tv,Female,190.41.179.13
222,Jillene,Sieur,jsieur65@facebook.com,Female,48.36.111.98
223,Peter,Puddin,ppuddin66@google.co.uk,Male,129.37.52.29
224,Cassaundra,Tegler,ctegler67@accuweather.com,Female,124.127.51.250
225,Tony,Malimoe,tmalimoe68@godaddy.com,Female,140.62.189.136
226,Daron,Halfhide,dhalfhide69@telegraph.co.uk,Female,167.10.107.249
227,Kristy,Lievesley,klievesley6a@google.ca,Female,187.238.138.73
228,Loydie,Robelin,lrobelin6b@about.com,Male,174.77.214.210
229,Rancell,Lamble,rlamble6c@fastcompany.com,Male,93.42.162.240
230,Tiffie,Holtham,tholtham6d@addthis.com,Female,37.45.20.121
231,Wilone,Lowrey,wlowrey6e@marriott.com,Genderfluid,157.150.110.38
232,Lynsey,Chesterfield,lchesterfield6f@hugedomains.com,Female,99.105.254.208
233,Cortie,Stones,cstones6g@ucoz.com,Male,89.56.79.94
234,Margarete,Heasman,mheasman6h@prlog.org,Female,133.36.112.105
235,Norton,Gerhts,ngerhts6i@howstuffworks.com,Male,94.190.8.27
236,Jacqui,Allery,jallery6j@marriott.com,Female,31.188.141.220
237,Talyah,Iddison,tiddison6k@google.it,Female,249.213.114.158
238,Bevan,Ashford,bashford6l@cloudflare.com,Male,250.0.166.240
239,Abner,Colvin,acolvin6m@mediafire.com,Male,101.212.235.238
240,Tades,McKnockiter,tmcknockiter6n@sourceforge.net,Male,202.195.255.1
241,Hugibert,Woolager,hwoolager6o@chicagotribune.com,Male,28.15.185.20
242,Martyn,Morde,mmorde6p@oaic.gov.au,Male,79.184.1.234
243,Catina,Farn,cfarn6q@angelfire.com,Female,61.225.136.82
244,Darb,Truggian,dtruggian6r@answers.com,Male,52.139.125.126
245,Eimile,MacColm,emaccolm6s@netscape.com,Female,12.235.146.205
246,Inness,Antcliff,iantcliff6t@diigo.com,Male,81.66.170.131
247,Marnia,Fettiplace,mfettiplace6u@amazon.com,Female,199.190.215.71
248,Em,Attawell,eattawell6v@tumblr.com,Female,106.160.0.208
249,Rutledge,Tschirasche,rtschirasche6w@microsoft.com,Male,128.115.145.117
250,Rolfe,Hassey,rhassey6x@t-online.de,Male,219.18.87.22
251,Bambi,Chuney,bchuney6y@harvard.edu,Genderqueer,111.70.117.10
252,Wallache,Abbets,wabbets6z@furl.net,Male,24.242.137.198
253,Arley,Silversmid,asilversmid70@dell.com,Male,111.197.146.54
254,Sharity,Boston,sboston71@usda.gov,Female,206.187.65.128
255,Florence,Alvin,falvin72@cdc.gov,Female,255.168.171.151
256,Olav,Adger,oadger73@homestead.com,Male,214.48.24.61
257,Baldwin,Bichard,bbichard74@multiply.com,Male,36.205.65.63
258,Dorisa,Tailby,dtailby75@goo.ne.jp,Female,22.173.235.119
259,Elwyn,Canadine,ecanadine76@tuttocitta.it,Male,38.188.51.176
260,Simone,Gabbett,sgabbett77@indiegogo.com,Male,82.43.190.214
261,Conway,Spridgeon,cspridgeon78@domainmarket.com,Male,215.187.87.88
262,Reese,Kitcher,rkitcher79@google.nl,Male,19.63.47.204
263,Gardy,Corbally,gcorbally7a@bigcartel.com,Male,211.37.119.99
264,Ansley,Shorto,ashorto7b@theguardian.com,Female,135.88.60.168
265,Ebonee,Dederich,edederich7c@naver.com,Female,120.247.66.157
266,Pasquale,Giraudou,pgiraudou7d@prnewswire.com,Male,113.242.190.132
267,Mechelle,Tatershall,mtatershall7e@wired.com,Female,15.76.179.234
268,Adrian,McElroy,amcelroy7f@mozilla.org,Male,177.88.221.142
269,Lorraine,Grinnell,lgrinnell7g@alibaba.com,Female,125.208.191.31
270,Aube,Matzaitis,amatzaitis7h@bing.com,Male,170.234.126.144
271,Lorna,Dyet,ldyet7i@thetimes.co.uk,Female,26.41.185.228
272,Addison,Redler,aredler7j@bing.com,Male,29.38.167.59
273,Ches,Hedworth,chedworth7k@cbc.ca,Male,92.102.48.18
274,Rosamund,Druery,rdruery7l@geocities.jp,Female,67.62.109.75
275,Lesli,Mc Harg,lmcharg7m@tiny.cc,Female,140.137.68.25
276,Monroe,Matussov,mmatussov7n@blinklist.com,Male,146.229.66.234
277,Erhart,Kerwin,ekerwin7o@ezinearticles.com,Male,152.153.242.57
278,Cori,Benoix,cbenoix7p@github.io,Male,21.20.248.236
279,Ambur,Sawfoot,asawfoot7q@time.com,Female,68.243.97.142
280,Vivyanne,Neaves,vneaves7r@nsw.gov.au,Female,104.234.240.26
281,Vallie,Physic,vphysic7s@acquirethisname.com,Female,193.252.138.130
282,Sam,Benoist,sbenoist7t@gmpg.org,Male,157.86.220.229
283,Lorianna,Imm,limm7u@diigo.com,Female,68.102.43.92
284,Juana,Gerrens,jgerrens7v@msu.edu,Female,174.154.4.26
285,Lanna,Glowinski,lglowinski7w@blogtalkradio.com,Female,123.214.214.141
286,Hershel,Maffei,hmaffei7x@histats.com,Non-binary,10.23.171.3
287,Brnaby,Lenthall,blenthall7y@sfgate.com,Male,206.12.250.228
288,Amity,Drennan,adrennan7z@miibeian.gov.cn,Genderqueer,197.82.219.33
289,Catina,Slyme,cslyme80@kickstarter.com,Female,33.198.131.172
290,Efren,Bleiman,ebleiman81@intel.com,Male,253.183.151.239
291,Haskel,Maling,hmaling82@deliciousdays.com,Genderqueer,86.206.213.151
292,Pam,Jouaneton,pjouaneton83@ebay.com,Female,124.77.181.237
293,Hadrian,Awde,hawde84@friendfeed.com,Male,195.153.13.41
294,Halley,Silverthorne,hsilverthorne85@illinois.edu,Genderfluid,89.255.57.4
295,Ripley,Stockhill,rstockhill86@tuttocitta.it,Male,99.122.100.172
296,Marijo,MacCostye,mmaccostye87@is.gd,Female,5.247.207.134
297,Harp,Schirok,hschirok88@baidu.com,Male,121.35.115.245
298,Gordon,Romanini,gromanini89@homestead.com,Male,50.59.157.168
299,Morie,Sobtka,msobtka8a@spiegel.de,Male,166.87.16.87
300,Corbie,Tabram,ctabram8b@goodreads.com,Male,4.193.69.76
301,Dionne,Ponceford,dponceford8c@about.me,Female,85.131.227.36
302,Hedda,Simester,hsimester8d@tiny.cc,Female,93.51.249.170
303,Donnajean,Skyram,dskyram8e@dailymail.co.uk,Female,86.49.160.137
304,Annetta,Sposito,asposito8f@histats.com,Female,106.25.116.147
305,Jordan,Loudiane,jloudiane8g@t-online.de,Male,83.52.145.192
306,Staci,Legonidec,slegonidec8h@tamu.edu,Female,25.144.124.218
307,Gertrud,Davydochkin,gdavydochkin8i@shareasale.com,Female,144.234.205.62
308,Joachim,Andreotti,jandreotti8j@taobao.com,Male,142.46.68.2
309,Ari,Smouten,asmouten8k@ask.com,Male,1.103.192.240
310,Aviva,Teager,ateager8l@tamu.edu,Female,31.135.221.234
311,Maury,Caird,mcaird8m@tuttocitta.it,Male,25.200.148.54
312,Burlie,McGing,bmcging8n@comsenz.com,Male,237.149.125.228
313,Katherina,Klainer,kklainer8o@paypal.com,Genderqueer,247.104.193.86
314,Peggy,Cleveley,pcleveley8p@netscape.com,Female,185.226.171.112
315,Hugh,Hagger,hhagger8q@fda.gov,Male,146.31.200.130
316,Raimundo,Wessell,rwessell8r@elegantthemes.com,Male,181.30.172.125
317,Derril,Manuaud,dmanuaud8s@earthlink.net,Male,115.130.209.136
318,Brennen,Synder,bsynder8t@google.ru,Male,221.218.51.79
319,Audi,Ackery,aackery8u@purevolume.com,Female,252.250.245.76
320,Ericka,Whaplington,ewhaplington8v@nba.com,Female,72.176.5.106
321,Mathilde,Stenton,mstenton8w@disqus.com,Non-binary,136.199.252.80
322,Kienan,Doxey,kdoxey8x@springer.com,Male,180.230.139.11
323,Garrek,Howard,ghoward8y@dropbox.com,Male,101.235.134.212
324,Fernanda,Hewkin,fhewkin8z@hexun.com,Female,230.240.151.12
325,Seward,Fountain,sfountain90@edublogs.org,Male,214.246.75.0
326,Mychal,Nudd,mnudd91@twitpic.com,Male,140.229.242.226
327,Ervin,Iverson,eiverson92@gravatar.com,Male,22.89.208.8
328,Idaline,Jore,ijore93@mozilla.com,Female,248.119.58.114
329,Eugenius,Bernette,ebernette94@webs.com,Male,65.233.154.182
330,Peri,Swindlehurst,pswindlehurst95@prnewswire.com,Female,236.41.38.88
331,Hill,Brayshay,hbrayshay96@blinklist.com,Male,28.113.56.215
332,Nadine,Kettell,nkettell97@sphinn.com,Female,215.229.54.246
333,Dillie,Creevy,dcreevy98@businessweek.com,Non-binary,181.182.230.23
334,Bryan,Bowland,bbowland99@addtoany.com,Male,66.37.187.55
335,Dorice,Lonie,dlonie9a@alexa.com,Female,180.76.166.207
336,Ettie,Ballach,eballach9b@who.int,Female,40.234.225.125
337,Demeter,Kleinmintz,dkleinmintz9c@parallels.com,Agender,104.158.117.248
338,Gabriella,Loche,gloche9d@wordpress.com,Polygender,190.90.242.33
339,Jori,Esplin,jesplin9e@columbia.edu,Female,142.177.121.129
340,Adaline,Grovier,agrovier9f@reverbnation.com,Female,140.80.217.35
341,Blisse,de Chastelain,bdechastelain9g@tuttocitta.it,Female,133.128.181.58
342,Carroll,Wadmore,cwadmore9h@telegraph.co.uk,Male,238.33.179.239
343,Dagny,Ardley,dardley9i@google.co.uk,Male,51.121.232.243
344,Pearla,Beausang,pbeausang9j@gmpg.org,Female,48.122.100.191
345,Esther,Winsper,ewinsper9k@spiegel.de,Female,13.251.68.101
346,Britteny,Hasloch,bhasloch9l@nih.gov,Female,12.125.20.67
347,Jordana,Coffee,jcoffee9m@quantcast.com,Female,100.61.116.196
348,Oliver,Moro,omoro9n@chronoengine.com,Male,203.11.194.20
349,Leigha,Kilbee,lkilbee9o@dion.ne.jp,Female,89.93.27.208
350,Morlee,Santora,msantora9p@vinaora.com,Male,253.94.15.113
351,Sarina,Leythley,sleythley9q@wikispaces.com,Polygender,198.95.98.181
352,Jacklyn,Yeell,jyeell9r@creativecommons.org,Female,207.136.114.210
353,Suzanna,Cockitt,scockitt9s@mapy.cz,Female,118.240.72.91
354,Simeon,Burtenshaw,sburtenshaw9t@youku.com,Male,114.15.217.75
355,Wake,Youd,wyoud9u@bloomberg.com,Male,206.37.119.105
356,Kalila,Vivian,kvivian9v@surveymonkey.com,Female,46.137.239.180
357,Elyse,Waker,ewaker9w@europa.eu,Female,202.74.91.206
358,Jaclyn,Nurdin,jnurdin9x@cam.ac.uk,Agender,227.72.157.235
359,Curtice,Glyssanne,cglyssanne9y@harvard.edu,Male,85.40.46.57
360,Lindsay,Ghioni,lghioni9z@wp.com,Female,0.90.215.188
361,Allix,Tonkinson,atonkinsona0@1und1.de,Agender,159.22.11.25
362,Barr,Gehring,bgehringa1@noaa.gov,Male,18.160.211.209
363,Ami,Fontin,afontina2@unicef.org,Female,224.233.161.72
364,Berny,Tregian,btregiana3@imdb.com,Female,77.29.4.147
365,Wynn,Stamp,wstampa4@yellowbook.com,Female,23.137.26.187
366,Ericka,Thiem,ethiema5@fotki.com,Female,242.17.98.218
367,Cecily,Leggat,cleggata6@newyorker.com,Female,97.126.205.49
368,Alvira,Ballefant,aballefanta7@cdc.gov,Female,124.7.250.94
369,Cherida,Ritch,critcha8@cmu.edu,Female,74.125.116.85
370,Howard,Brayshay,hbrayshaya9@photobucket.com,Male,224.230.14.88
371,Bruis,Roussel,brousselaa@microsoft.com,Male,108.177.141.202
372,Erskine,Lodevick,elodevickab@ehow.com,Male,103.161.137.43
373,Lorrie,Vamplers,lvamplersac@pinterest.com,Male,167.10.133.72
374,Ola,Smetoun,osmetounad@delicious.com,Female,208.105.139.203
375,Charlene,Moon,cmoonae@yelp.com,Female,237.101.92.128
376,Kerwin,Cruikshank,kcruikshankaf@storify.com,Male,110.178.210.132
377,Tabbitha,Welbourn,twelbournag@walmart.com,Female,153.171.126.235
378,Town,Mackieson,tmackiesonah@mysql.com,Male,21.235.19.80
379,Sandi,Barkworth,sbarkworthai@disqus.com,Female,68.104.101.251
380,Caritta,Landrieu,clandrieuaj@statcounter.com,Female,194.208.1.91
381,Anders,Rushsorth,arushsorthak@guardian.co.uk,Male,219.128.205.39
382,Stephannie,Heinsius,sheinsiusal@cbsnews.com,Female,202.208.140.157
383,Rurik,Issit,rissitam@weather.com,Male,190.205.108.194
384,Marice,MacDuffie,mmacduffiean@indiegogo.com,Female,230.253.66.144
385,Danit,Vanyushkin,dvanyushkinao@walmart.com,Female,126.29.1.9
386,Davy,Flahy,dflahyap@about.com,Male,3.196.227.131
387,Yank,Pedrol,ypedrolaq@whitehouse.gov,Agender,217.33.140.13
388,Beverley,Rudgerd,brudgerdar@cnn.com,Female,244.52.143.52
389,Veronica,Cardon,vcardonas@walmart.com,Female,31.191.8.120
390,Titus,Lorenzin,tlorenzinat@slashdot.org,Male,52.153.196.192
391,Essie,Haggath,ehaggathau@ezinearticles.com,Bigender,210.50.194.232
392,Celestia,Griffen,cgriffenav@wordpress.com,Female,83.27.46.180
393,Timmi,Corstorphine,tcorstorphineaw@t.co,Female,79.126.164.36
394,Bernadine,Bliven,bblivenax@furl.net,Female,219.173.247.125
395,Karolina,de Villier,kdevillieray@google.fr,Female,206.135.77.27
396,Brit,Crowdson,bcrowdsonaz@webnode.com,Male,67.169.208.169
397,Merle,Masi,mmasib0@cnet.com,Female,188.113.109.199
398,Dario,Catton,dcattonb1@infoseek.co.jp,Male,74.24.211.180
399,Carolan,Harbison,charbisonb2@utexas.edu,Female,102.220.248.122
400,Kaspar,Maggiori,kmaggiorib3@globo.com,Male,237.102.21.110
401,Zilvia,Thon,zthonb4@clickbank.net,Female,243.208.84.216
402,Gauthier,Dabel,gdabelb5@marriott.com,Male,94.149.106.25
403,Lucia,Minigo,lminigob6@storify.com,Female,63.20.59.160
404,Nickie,Peppin,npeppinb7@ask.com,Male,4.18.91.55
405,Winston,Cuff,wcuffb8@statcounter.com,Male,252.69.204.75
406,Kathryne,Yea,kyeab9@dion.ne.jp,Female,185.203.73.17
407,Edin,Mueller,emuellerba@narod.ru,Female,244.60.201.9
408,Irvin,Spiby,ispibybb@newyorker.com,Male,234.100.68.101
409,Nata,Mazzei,nmazzeibc@ameblo.jp,Bigender,91.103.207.223
410,Tracey,Castaignet,tcastaignetbd@yellowpages.com,Female,29.119.119.141
411,Ellswerth,Phizacklea,ephizackleabe@goodreads.com,Male,240.240.38.227
412,Tansy,Rubel,trubelbf@yellowpages.com,Genderqueer,147.214.87.236
413,Angelo,Kenwrick,akenwrickbg@technorati.com,Male,132.246.202.65
414,Sylvester,Maylam,smaylambh@nyu.edu,Male,212.21.24.211
415,Gertie,Osgar,gosgarbi@wufoo.com,Female,101.36.234.198
416,Jeannine,Laye,jlayebj@cafepress.com,Female,119.254.181.23
417,Duncan,Borth,dborthbk@apple.com,Male,20.172.236.65
418,Jae,Mayell,jmayellbl@usatoday.com,Male,255.212.90.190
419,Fanni,Vlasyuk,fvlasyukbm@furl.net,Female,100.205.102.232
420,Domingo,Christoffersen,dchristoffersenbn@chicagotribune.com,Male,246.136.109.70
421,Durward,Georges,dgeorgesbo@marketwatch.com,Genderqueer,126.131.243.92
422,Carolynn,Fligg,cfliggbp@auda.org.au,Female,208.129.239.221
423,Lavena,Longmaid,llongmaidbq@gnu.org,Bigender,155.226.25.198
424,Howard,Summersby,hsummersbybr@gnu.org,Male,189.65.67.220
425,Englebert,Domeney,edomeneybs@yahoo.co.jp,Male,156.132.169.248
426,Lida,Garrett,lgarrettbt@answers.com,Female,88.193.229.37
427,Willie,Rowledge,wrowledgebu@yellowpages.com,Male,233.223.28.2
428,Lucien,Ranner,lrannerbv@salon.com,Male,1.113.8.108
429,Graeme,Staker,gstakerbw@army.mil,Male,58.213.71.137
430,Olwen,Rapport,orapportbx@nationalgeographic.com,Female,39.154.50.74
431,Granthem,Wittier,gwittierby@cpanel.net,Agender,2.8.94.98
432,Taryn,Felmingham,tfelminghambz@163.com,Female,58.34.212.140
433,Kylie,Dabbes,kdabbesc0@apache.org,Female,221.174.95.4
434,Johnathan,Jepps,jjeppsc1@irs.gov,Male,204.143.249.123
435,Nanni,O'Fihily,nofihilyc2@wiley.com,Female,23.37.211.147
436,Jilly,Gallyhaock,jgallyhaockc3@yahoo.com,Female,168.228.91.164
437,Matilda,Riccard,mriccardc4@yellowpages.com,Female,103.141.242.8
438,Lorilyn,Farryann,lfarryannc5@harvard.edu,Female,206.228.254.16
439,Demetris,Eyer,deyerc6@youtu.be,Male,232.123.55.180
440,Remus,Kilgrew,rkilgrewc7@techcrunch.com,Male,146.201.46.79
441,Leilah,Blasi,lblasic8@wunderground.com,Female,141.68.196.125
442,Zane,Stainton,zstaintonc9@bigcartel.com,Male,154.55.85.4
443,Nicole,Piggen,npiggenca@t.co,Female,109.53.181.254
444,Carly,Saladin,csaladincb@marriott.com,Male,186.101.22.171
445,Payton,McArley,pmcarleycc@nymag.com,Male,117.73.95.23
446,Fin,Hampton,fhamptoncd@sphinn.com,Male,60.23.224.167
447,Phillis,McRobb,pmcrobbce@sakura.ne.jp,Female,45.26.183.218
448,Wendi,Mattack,wmattackcf@nasa.gov,Female,28.170.211.166
449,Jayson,Kenneway,jkennewaycg@booking.com,Male,254.65.20.207
450,Fidole,Rizzone,frizzonech@berkeley.edu,Male,184.78.123.111
451,Linea,Twinberrow,ltwinberrowci@utexas.edu,Female,1.205.32.78
452,Lothaire,Plumstead,lplumsteadcj@answers.com,Male,106.47.155.142
453,Cassandry,Matfin,cmatfinck@google.com.au,Female,32.86.65.103
454,Thornie,Chancelier,tchanceliercl@marketwatch.com,Male,192.37.237.19
455,Vinny,Lambshine,vlambshinecm@shareasale.com,Female,109.81.85.40
456,Ben,Alred,balredcn@delicious.com,Male,18.181.146.129
457,Darcie,Flood,dfloodco@youku.com,Female,49.251.178.29
458,Silvana,Doudny,sdoudnycp@latimes.com,Female,173.244.13.214
459,Francklin,Sanper,fsanpercq@oracle.com,Male,51.134.123.60
460,Hagen,Gatesman,hgatesmancr@livejournal.com,Male,97.133.107.108
461,Marcellus,Urpeth,murpethcs@jiathis.com,Male,42.207.101.242
462,Gawen,Carlesso,gcarlessoct@free.fr,Male,254.104.95.169
463,Mariejeanne,Casemore,mcasemorecu@salon.com,Genderfluid,3.167.227.249
464,Erich,Iacopo,eiacopocv@jimdo.com,Male,160.135.200.29
465,Scarlet,Dahill,sdahillcw@cocolog-nifty.com,Female,105.194.203.19
466,Sean,Balthasar,sbalthasarcx@alibaba.com,Genderfluid,59.222.208.230
467,Shelley,Thurske,sthurskecy@goodreads.com,Male,148.85.60.179
468,Trefor,Gilphillan,tgilphillancz@vkontakte.ru,Male,25.84.208.1
469,Harrison,Monkman,hmonkmand0@ebay.co.uk,Male,69.99.112.95
470,Conroy,Croot,ccrootd1@skype.com,Male,63.95.89.143
471,Otis,Howkins,ohowkinsd2@elegantthemes.com,Male,60.36.72.131
472,Lammond,Ganley,lganleyd3@comcast.net,Male,222.131.215.44
473,Shae,de'-Ancy Willis,sdeancywillisd4@state.tx.us,Male,195.99.190.55
474,Penn,Bartoszewski,pbartoszewskid5@nps.gov,Male,98.142.80.220
475,Benji,Shalders,bshaldersd6@yellowpages.com,Male,143.160.118.243
476,Dyan,Etheridge,detheridged7@eepurl.com,Female,234.161.58.109
477,Garner,Daniells,gdaniellsd8@paginegialle.it,Male,133.81.231.190
478,Eloise,Sheards,esheardsd9@umich.edu,Female,83.157.171.25
479,Jaquelin,Quincee,jquinceeda@cdc.gov,Female,155.82.169.37
480,Frans,Prantl,fprantldb@parallels.com,Male,252.128.226.243
481,Tana,Deakins,tdeakinsdc@networksolutions.com,Female,14.68.249.59
482,Toddy,Hallor,thallordd@dagondesign.com,Male,253.194.48.9
483,Erena,Cudd,ecuddde@dot.gov,Female,120.130.153.233
484,Yvette,Cardenosa,ycardenosadf@istockphoto.com,Female,254.8.143.46
485,Eda,Schoular,eschoulardg@dyndns.org,Female,31.255.247.134
486,Nelson,Serraillier,nserraillierdh@dedecms.com,Male,198.166.189.7
487,Anatollo,Whylie,awhyliedi@examiner.com,Male,153.40.165.242
488,Kalil,Gantzman,kgantzmandj@chron.com,Male,142.224.174.126
489,Norean,Rowell,nrowelldk@thetimes.co.uk,Female,240.195.9.196
490,Isador,Stivey,istiveydl@indiatimes.com,Male,232.193.222.73
491,Denice,Ellington,dellingtondm@yale.edu,Female,205.198.107.128
492,Rois,Yoxall,ryoxalldn@seattletimes.com,Female,179.59.63.158
493,Mei,Scotchmur,mscotchmurdo@wikia.com,Female,110.14.131.156
494,Steward,Vinter,svinterdp@amazon.de,Male,239.115.4.174
495,Theresa,Fairbridge,tfairbridgedq@goodreads.com,Female,120.194.201.158
496,Kath,Iveans,kiveansdr@alibaba.com,Female,189.1.202.188
497,Frederic,Meatyard,fmeatyardds@marriott.com,Male,83.247.154.228
498,Roby,Gailor,rgailordt@artisteer.com,Female,61.8.106.248
499,Urbain,Gotter,ugotterdu@themeforest.net,Genderqueer,235.21.73.31
500,Loutitia,Jelf,ljelfdv@un.org,Female,26.99.243.72
501,Melly,Byer,mbyerdw@wufoo.com,Polygender,135.203.197.26
502,Beryl,Ledamun,bledamundx@ed.gov,Female,246.219.79.222
503,Papageno,Kores,pkoresdy@oaic.gov.au,Male,70.8.130.32
504,Grayce,Gibbonson,ggibbonsondz@geocities.jp,Female,190.219.21.15
505,Trudy,Neligan,tneligane0@google.co.uk,Genderfluid,189.31.238.200
506,Maia,Phonix,mphonixe1@vimeo.com,Female,152.67.210.190
507,Arlinda,Scupham,ascuphame2@earthlink.net,Female,93.4.106.221
508,Glenine,Varcoe,gvarcoee3@jimdo.com,Female,119.69.107.100
509,Toinette,Borris,tborrise4@icq.com,Female,40.247.214.130
510,Willi,Ducastel,wducastele5@symantec.com,Female,123.224.225.114
511,Horatia,Luckie,hluckiee6@de.vu,Female,115.239.123.105
512,Nichol,Caswall,ncaswalle7@pinterest.com,Polygender,18.183.75.86
513,Brandise,Roswarn,broswarne8@youku.com,Female,202.16.71.241
514,Dosi,Findon,dfindone9@artisteer.com,Female,151.53.28.26
515,Sibelle,Stithe,sstitheea@reverbnation.com,Female,84.110.133.24
516,Amory,Dorian,adorianeb@alibaba.com,Male,152.117.107.151
517,Minda,Slaten,mslatenec@edublogs.org,Female,141.251.110.131
518,Salli,Olivas,solivased@last.fm,Female,48.142.56.135
519,Bethanne,Emmerson,bemmersonee@tuttocitta.it,Female,235.168.237.2
520,Helge,Elington,helingtonef@earthlink.net,Female,177.87.190.191
521,Hilliary,Beckson,hbecksoneg@naver.com,Female,118.191.28.170
522,Nan,Pither,npithereh@reddit.com,Female,179.102.181.17
523,Norma,Stockings,nstockingsei@boston.com,Female,127.230.126.105
524,Darelle,Issit,dissitej@engadget.com,Female,156.52.62.130
525,Henka,Petrello,hpetrelloek@vistaprint.com,Female,145.71.84.219
526,Oliviero,Riba,oribael@scientificamerican.com,Male,142.147.61.77
527,Bradan,De Caroli,bdecaroliem@blogspot.com,Male,176.142.97.137
528,Sascha,Pym,spymen@example.com,Female,253.151.129.245
529,Grace,Aitken,gaitkeneo@wix.com,Male,233.39.95.193
530,Emile,Stud,estudep@un.org,Male,184.160.89.47
531,Agustin,Saura,asauraeq@wp.com,Male,136.2.138.206
532,Alden,Ungerecht,aungerechter@dot.gov,Male,149.61.218.194
533,Gusella,Scarlett,gscarlettes@cornell.edu,Polygender,251.150.127.249
534,Pammi,Lympenie,plympenieet@psu.edu,Female,153.0.222.130
535,Jesse,Parriss,jparrisseu@state.tx.us,Bigender,27.70.175.86
536,Krystle,Giron,kgironev@issuu.com,Female,187.255.56.170
537,Orelee,Luckett,oluckettew@sohu.com,Female,133.210.84.89
538,Erhard,Gunby,egunbyex@ihg.com,Male,63.192.1.12
539,Denney,Rossiter,drossiterey@bing.com,Polygender,118.216.115.49
540,Dolli,Ianni,dianniez@msn.com,Female,212.39.132.234
541,Carin,Holdworth,choldworthf0@i2i.jp,Agender,121.53.106.209
542,Joann,Gandley,jgandleyf1@psu.edu,Female,125.149.29.26
543,Niccolo,McCarver,nmccarverf2@netlog.com,Male,87.41.62.139
544,Nye,Van der Mark,nvandermarkf3@xing.com,Male,107.29.149.105
545,Lori,Klisch,lklischf4@oakley.com,Genderqueer,125.85.202.74
546,Mauricio,Bennetto,mbennettof5@zdnet.com,Male,81.242.73.240
547,Jeffie,Godthaab,jgodthaabf6@archive.org,Male,63.238.104.225
548,Demetris,Yockley,dyockleyf7@g.co,Genderfluid,26.201.250.175
549,Rudolf,Wozencroft,rwozencroftf8@addtoany.com,Bigender,92.178.175.126
550,Matteo,Boost,mboostf9@wordpress.com,Male,155.206.74.14
551,Kaylee,Gibbie,kgibbiefa@oracle.com,Female,203.45.71.177
552,Davidde,Shipsey,dshipseyfb@csmonitor.com,Male,3.146.185.87
553,Malva,Lowndsbrough,mlowndsbroughfc@issuu.com,Female,16.130.22.52
554,Kerstin,Sorel,ksorelfd@google.fr,Female,197.8.21.188
555,Eustacia,Ferrucci,eferruccife@umich.edu,Female,194.137.234.1
556,Rosmunda,Doody,rdoodyff@example.com,Female,43.151.113.174
557,Konstantine,Sorrell,ksorrellfg@admin.ch,Male,254.253.232.138
558,Odey,McDonogh,omcdonoghfh@cnet.com,Male,29.109.118.88
559,Lothaire,Plaskitt,lplaskittfi@answers.com,Male,128.116.84.66
560,Aurelie,Guilbert,aguilbertfj@prnewswire.com,Female,198.173.133.6
561,Helga,Ganders,hgandersfk@cam.ac.uk,Female,129.66.206.188
562,Jule,Feely,jfeelyfl@npr.org,Male,136.42.106.49
563,Jenna,Corbally,jcorballyfm@howstuffworks.com,Female,191.232.1.249
564,Lissi,Castel,lcastelfn@nba.com,Genderqueer,43.212.31.253
565,Nadiya,Eskrigge,neskriggefo@ebay.co.uk,Female,61.231.91.135
566,Lurlene,Jeannenet,ljeannenetfp@businesswire.com,Female,75.94.123.22
567,Miof mela,Billyeald,mbillyealdfq@histats.com,Female,30.65.203.211
568,Khalil,Sego,ksegofr@spiegel.de,Male,96.244.119.135
569,Carey,Curtois,ccurtoisfs@mac.com,Male,175.111.212.12
570,Benson,Grelka,bgrelkaft@ihg.com,Male,27.53.49.36
571,Waverley,Sanzio,wsanziofu@tripadvisor.com,Male,115.181.170.115
572,Wynny,Parris,wparrisfv@g.co,Female,19.109.208.180
573,Louis,Woolgar,lwoolgarfw@nyu.edu,Male,62.35.255.234
574,Dalli,Rustadge,drustadgefx@over-blog.com,Male,199.153.37.199
575,Kimmie,Rampton,kramptonfy@taobao.com,Female,241.115.92.13
576,Thedrick,Meardon,tmeardonfz@google.ca,Agender,84.235.218.42
577,Caprice,Purdy,cpurdyg0@freewebs.com,Female,154.181.31.239
578,Anni,Kennaird,akennairdg1@nymag.com,Female,242.31.205.159
579,Kerwinn,Cutress,kcutressg2@chron.com,Male,180.25.65.224
580,Tandie,Testro,ttestrog3@vkontakte.ru,Female,141.47.140.131
581,Zed,Oosthout de Vree,zoosthoutdevreeg4@whitehouse.gov,Male,11.36.188.48
582,Cordy,Pennini,cpenninig5@networksolutions.com,Female,83.153.184.75
583,Carter,Bickerstaffe,cbickerstaffeg6@dot.gov,Male,214.157.239.34
584,Eugen,Donizeau,edonizeaug7@woothemes.com,Male,19.102.1.15
585,Kimbell,Cardenoza,kcardenozag8@answers.com,Male,72.106.102.124
586,Denis,Wisniewski,dwisniewskig9@jalbum.net,Male,114.221.65.232
587,Ev,Cranson,ecransonga@webeden.co.uk,Male,104.43.39.24
588,Maximo,Caves,mcavesgb@google.it,Male,243.75.117.99
589,Benita,de Banke,bdebankegc@opensource.org,Female,208.197.87.106
590,Katlin,Jindacek,kjindacekgd@google.com.hk,Female,130.204.214.189
591,Lin,Vardey,lvardeyge@google.it,Male,152.70.208.242
592,Maynord,Pigford,mpigfordgf@google.ru,Male,131.55.102.83
593,Kristina,Northcliffe,knorthcliffegg@smh.com.au,Female,232.212.17.101
594,Morgen,Marshallsay,mmarshallsaygh@livejournal.com,Male,108.145.41.85
595,Lucine,Duigenan,lduigenangi@slashdot.org,Female,56.229.67.195
596,Mehetabel,Weatherburn,mweatherburngj@oaic.gov.au,Female,225.241.42.203
597,Emmerich,Barradell,ebarradellgk@ebay.co.uk,Male,200.137.222.192
598,Geri,Mendel,gmendelgl@de.vu,Male,250.132.106.194
599,Juliette,Sturzaker,jsturzakergm@comcast.net,Female,161.232.187.154
600,Lavinia,Westgate,lwestgategn@wunderground.com,Female,61.157.226.5
601,Frazer,Stubbings,fstubbingsgo@dailymail.co.uk,Male,170.2.179.204
602,Grenville,Bufton,gbuftongp@bbb.org,Male,53.66.53.60
603,Darrelle,McDermott-Row,dmcdermottrowgq@csmonitor.com,Female,206.94.130.6
604,Shadow,McGarel,smcgarelgr@deliciousdays.com,Male,132.124.212.200
605,Noble,Lago,nlagogs@mysql.com,Non-binary,78.137.106.20
606,Ase,McBlain,amcblaingt@geocities.com,Male,52.171.220.68
607,Phillip,Udy,pudygu@samsung.com,Male,131.99.224.127
608,Michail,Greenset,mgreensetgv@issuu.com,Male,102.117.148.226
609,Aldo,Blumer,ablumergw@netscape.com,Polygender,125.190.209.218
610,Alli,Dermott,adermottgx@issuu.com,Female,20.239.219.80
611,Buckie,Lyvon,blyvongy@360.cn,Male,134.127.1.230
612,Koressa,Hadaway,khadawaygz@cbslocal.com,Female,25.245.169.90
613,Sayers,Toffel,stoffelh0@com.com,Male,67.86.136.202
614,Maryanne,Adam,madamh1@xing.com,Female,208.196.159.195
615,Olia,Sidle,osidleh2@blinklist.com,Female,105.240.9.98
616,Harriott,Dupey,hdupeyh3@wired.com,Female,198.251.182.171
617,Ondrea,Fennelow,ofennelowh4@lulu.com,Female,145.131.50.241
618,Wes,Giacobbo,wgiacobboh5@nih.gov,Male,14.229.162.25
619,Philip,Liggins,pligginsh6@patch.com,Male,127.237.121.94
620,Denice,Hainey,dhaineyh7@dropbox.com,Female,55.158.150.173
621,Davidson,Tather,dtatherh8@wiley.com,Male,131.20.198.255
622,Dody,Adamsson,dadamssonh9@cdbaby.com,Female,239.31.100.182
623,Lion,Androsik,landrosikha@rambler.ru,Male,28.217.26.232
624,Dugald,Bedrosian,dbedrosianhb@webnode.com,Male,57.229.127.21
625,Jule,Shewon,jshewonhc@businessweek.com,Male,173.70.127.242
626,Lonnard,Roma,lromahd@themeforest.net,Male,109.12.194.29
627,Dal,Pristnor,dpristnorhe@jalbum.net,Male,81.194.224.149
628,Brandyn,Apfler,bapflerhf@youtube.com,Male,90.182.242.6
629,Alex,Feldbrin,afeldbrinhg@google.ru,Genderqueer,18.64.192.183
630,Elinor,Aldwich,ealdwichhh@newsvine.com,Female,32.148.56.191
631,Jackqueline,Adin,jadinhi@soundcloud.com,Genderfluid,84.178.235.141
632,Glendon,Gurnee,ggurneehj@1688.com,Male,200.59.181.114
633,Gabriele,Penna,gpennahk@tripod.com,Male,81.221.239.2
634,Richmond,Fearnsides,rfearnsideshl@goo.gl,Male,12.158.53.76
635,Allyce,Swatten,aswattenhm@illinois.edu,Female,188.50.148.26
636,Duane,Hauxwell,dhauxwellhn@ucsd.edu,Male,106.201.87.236
637,Katy,Farebrother,kfarebrotherho@sogou.com,Female,192.34.222.190
638,Giffer,Kiln,gkilnhp@bing.com,Male,56.246.144.19
639,Gayler,Ginger,ggingerhq@chicagotribune.com,Male,145.234.1.214
640,Kevon,Soppit,ksoppithr@instagram.com,Male,36.148.122.118
641,Latisha,Siaskowski,lsiaskowskihs@hibu.com,Female,6.134.228.83
642,Christen,Amoore,camooreht@infoseek.co.jp,Female,113.20.111.196
643,Craggie,Quincey,cquinceyhu@last.fm,Male,53.19.241.218
644,Dorree,Spens,dspenshv@wikia.com,Female,203.22.254.26
645,Kristal,Finlry,kfinlryhw@opensource.org,Female,44.16.56.241
646,Harman,Nono,hnonohx@princeton.edu,Male,75.197.89.150
647,Rolland,Skeath,rskeathhy@china.com.cn,Male,163.130.52.94
648,Meghan,Ballsdon,mballsdonhz@boston.com,Female,72.211.39.140
649,Karel,Ronca,kroncai0@lulu.com,Female,43.180.192.155
650,Shara,Summergill,ssummergilli1@google.co.uk,Female,204.248.202.182
651,Harriette,Vidgeon,hvidgeoni2@multiply.com,Bigender,110.67.246.111
652,Lizette,D'Elia,ldeliai3@lulu.com,Female,222.150.127.242
653,Modestine,Fedoronko,mfedoronkoi4@addthis.com,Female,18.236.140.232
654,Sarine,Mattsson,smattssoni5@msu.edu,Female,215.230.122.8
655,Pen,Filippone,pfilipponei6@blogtalkradio.com,Male,46.253.69.195
656,Ermin,Circuitt,ecircuitti7@wp.com,Male,73.20.209.233
657,Neal,De Blasi,ndeblasii8@dailymotion.com,Male,51.69.245.20
658,Kacie,Pagitt,kpagitti9@eventbrite.com,Female,78.10.201.96
659,Moise,Moyne,mmoyneia@bbb.org,Male,231.194.66.5
660,Dolph,Bonhome,dbonhomeib@engadget.com,Male,173.91.87.225
661,Ignazio,Armell,iarmellic@whitehouse.gov,Male,152.250.11.82
662,Veronike,Titheridge,vtitheridgeid@sogou.com,Female,180.132.43.82
663,Samuel,Watkiss,swatkissie@eventbrite.com,Male,197.203.170.63
664,Chicky,Benton,cbentonif@amazon.de,Male,181.242.95.62
665,Abagael,Clement,aclementig@geocities.jp,Female,123.232.246.47
666,Umberto,McTerlagh,umcterlaghih@hubpages.com,Male,167.254.170.230
667,Marion,Cawthra,mcawthraii@google.ca,Female,184.101.252.228
668,Indira,Barnsdale,ibarnsdaleij@freewebs.com,Female,46.74.94.28
669,Kenny,Pringell,kpringellik@yahoo.co.jp,Male,173.76.38.213
670,Alain,Jennaroy,ajennaroyil@noaa.gov,Male,44.41.115.201
671,Linc,Joule,ljouleim@xrea.com,Male,63.115.110.186
672,Hoebart,Lampett,hlampettin@xing.com,Male,31.79.187.83
673,Paquito,Amoore,pamooreio@bigcartel.com,Polygender,155.104.230.4
674,Kipp,Fullerd,kfullerdip@netscape.com,Bigender,66.136.115.63
675,Tiertza,Haw,thawiq@yahoo.com,Female,95.142.151.199
676,Olly,Barwell,obarwellir@wsj.com,Male,170.91.20.43
677,Cos,Spaducci,cspaducciis@cpanel.net,Male,241.201.22.46
678,Janaya,Eskrigge,jeskriggeit@altervista.org,Female,38.62.255.23
679,Katrina,Figure,kfigureiu@amazonaws.com,Female,56.69.234.184
680,Noellyn,Romanelli,nromanelliiv@wired.com,Female,243.36.141.128
681,Emmaline,Lemonby,elemonbyiw@cocolog-nifty.com,Female,177.50.74.114
682,Paule,Zanassi,pzanassiix@goodreads.com,Female,40.35.38.30
683,Mathew,Vertigan,mvertiganiy@delicious.com,Male,253.43.161.241
684,Lester,Tucknutt,ltucknuttiz@census.gov,Male,236.67.51.108
685,Ebony,Throssell,ethrossellj0@blog.com,Female,252.217.162.19
686,Dionis,Giacobini,dgiacobinij1@studiopress.com,Female,36.87.206.223
687,Carter,Hanbidge,chanbidgej2@seesaa.net,Male,0.223.42.47
688,Albert,Curley,acurleyj3@google.co.uk,Male,158.105.64.33
689,Bowie,Yakunkin,byakunkinj4@sphinn.com,Male,238.98.89.22
690,Merrili,Harcus,mharcusj5@time.com,Female,11.165.179.104
691,Lelia,Hunnywell,lhunnywellj6@harvard.edu,Female,2.91.129.135
692,Eugenius,Doveston,edovestonj7@cargocollective.com,Male,244.193.103.129
693,Boony,Copelli,bcopellij8@apple.com,Male,120.30.98.180
694,Felix,Sidwick,fsidwickj9@narod.ru,Male,44.239.81.101
695,Dal,Andreotti,dandreottija@unicef.org,Male,131.94.0.154
696,Holmes,Panyer,hpanyerjb@is.gd,Genderfluid,82.200.154.135
697,Henderson,Valentin,hvalentinjc@patch.com,Male,23.234.122.187
698,Danya,Weal,dwealjd@rediff.com,Male,21.134.243.99
699,Sidonnie,Cheeseman,scheesemanje@sciencedaily.com,Female,32.75.253.186
700,Ardella,Burdge,aburdgejf@diigo.com,Female,69.55.64.249
701,Fransisco,Bolf,fbolfjg@webeden.co.uk,Male,224.156.183.206
702,Glennie,Stepto,gsteptojh@hexun.com,Female,14.48.231.233
703,Smitty,Perutto,speruttoji@answers.com,Male,4.78.128.84
704,Cesaro,Domleo,cdomleojj@cpanel.net,Male,202.111.175.233
705,Marina,McCluskey,mmccluskeyjk@fotki.com,Female,97.82.129.136
706,Joan,McIlherran,jmcilherranjl@google.cn,Female,159.176.0.159
707,Damaris,Gossart,dgossartjm@ft.com,Female,142.120.243.107
708,Donnamarie,Hiddersley,dhiddersleyjn@theglobeandmail.com,Female,163.185.160.16
709,Foss,Filochov,ffilochovjo@is.gd,Agender,149.240.90.143
710,Dudley,Van der Kruis,dvanderkruisjp@1und1.de,Male,239.23.167.109
711,Ethelyn,Cheasman,echeasmanjq@wp.com,Female,46.95.6.102
712,Gwenni,Pond-Jones,gpondjonesjr@google.pl,Female,149.43.20.202
713,Aurelie,Churn,achurnjs@acquirethisname.com,Female,74.111.105.130
714,Millie,Eversley,meversleyjt@rediff.com,Female,45.157.46.131
715,Cleo,Pywell,cpywellju@sitemeter.com,Female,14.32.63.42
716,Nert,Thomson,nthomsonjv@ow.ly,Female,156.35.253.18
717,Harold,Humbatch,hhumbatchjw@newyorker.com,Male,240.65.211.177
718,Dore,Muckersie,dmuckersiejx@nasa.gov,Female,197.52.104.126
719,Nero,Fer,nferjy@liveinternet.ru,Male,181.15.207.138
720,Doralyn,Teodoro,dteodorojz@jiathis.com,Female,208.22.2.80
721,Isaac,Struijs,istruijsk0@mozilla.org,Male,33.126.81.193
722,Corinne,Medeway,cmedewayk1@instagram.com,Female,102.88.255.99
723,Cully,Yelyashev,cyelyashevk2@twitter.com,Male,204.48.10.93
724,Petunia,Crathern,pcrathernk3@trellian.com,Female,87.110.36.135
725,Linc,O'Devey,lodeveyk4@utexas.edu,Male,54.94.225.164
726,Felike,Tatershall,ftatershallk5@scribd.com,Male,98.108.150.107
727,Minni,Coulson,mcoulsonk6@fc2.com,Female,163.38.168.168
728,Louella,McGarahan,lmcgarahank7@spiegel.de,Female,48.49.253.107
729,Philipa,Becke,pbeckek8@dyndns.org,Female,225.155.194.139
730,Hermia,Churms,hchurmsk9@mit.edu,Female,108.55.117.141
731,Collette,Booker,cbookerka@youku.com,Female,59.69.200.97
732,Clementia,Gut,cgutkb@ow.ly,Bigender,166.219.132.215
733,Urban,Pechard,upechardkc@google.co.uk,Male,230.205.70.71
734,Roscoe,Merman,rmermankd@ebay.com,Male,25.233.78.64
735,Shea,Drews,sdrewske@harvard.edu,Polygender,53.81.15.72
736,Brandi,Folan,bfolankf@aol.com,Female,247.254.45.37
737,Gordy,Ragsdall,gragsdallkg@sciencedirect.com,Male,159.196.59.131
738,Sherill,Polamontayne,spolamontaynekh@phoca.cz,Female,84.131.226.253
739,Tabbi,Willars,twillarski@businessweek.com,Female,233.92.104.96
740,Eugenie,Handrock,ehandrockkj@jiathis.com,Female,63.7.179.104
741,Arty,Huffy,ahuffykk@jimdo.com,Male,198.245.59.43
742,Felizio,Astbury,fastburykl@marketwatch.com,Male,52.107.36.17
743,Mordy,Taks,mtakskm@youtube.com,Male,80.2.195.44
744,Barney,Stoodale,bstoodalekn@sciencedirect.com,Male,97.42.216.225
745,Amata,Toderbrugge,atoderbruggeko@nih.gov,Female,188.105.72.1
746,Donny,Eacott,deacottkp@webs.com,Male,28.178.25.197
747,Shurwood,Paiton,spaitonkq@wikipedia.org,Male,134.61.174.213
748,Rory,Duferie,rduferiekr@hubpages.com,Female,126.247.130.78
749,Dacey,Le Leu,dleleuks@youtu.be,Female,139.12.93.77
750,Abbey,Trumpeter,atrumpeterkt@umn.edu,Male,211.113.150.114
751,Glenden,Gyves,ggyvesku@slideshare.net,Male,113.138.10.182
752,Marga,Falconer-Taylor,mfalconertaylorkv@yellowpages.com,Female,77.7.156.89
753,Bear,Saint,bsaintkw@oracle.com,Male,15.137.128.214
754,Cristionna,O' Loughran,coloughrankx@tuttocitta.it,Bigender,47.124.45.101
755,Kit,Coakley,kcoakleyky@skyrock.com,Polygender,203.8.71.160
756,Cherin,Ireson,ciresonkz@dell.com,Female,238.58.47.209
757,Kaylyn,Varfolomeev,kvarfolomeevl0@ucoz.com,Female,254.15.160.177
758,Rhianna,Bridgwood,rbridgwoodl1@fotki.com,Female,204.29.50.175
759,Terrel,Chafer,tchaferl2@businesswire.com,Male,101.147.146.193
760,Theresa,Scripture,tscripturel3@bbc.co.uk,Bigender,93.241.20.37
761,Nate,MacLice,nmaclicel4@php.net,Male,53.241.87.69
762,Emmalynn,Saddleton,esaddletonl5@nature.com,Non-binary,68.174.246.238
763,Janene,Galliford,jgallifordl6@nsw.gov.au,Female,13.178.121.6
764,Reena,Taft,rtaftl7@buzzfeed.com,Female,184.85.50.210
765,Lydia,Morican,lmoricanl8@nymag.com,Female,133.163.134.2
766,Eleanor,Casey,ecaseyl9@angelfire.com,Female,220.59.18.81
767,Brandi,McShea,bmcsheala@dmoz.org,Female,42.247.25.176
768,Leontyne,Miroy,lmiroylb@edublogs.org,Female,147.137.229.26
769,Torey,Codron,tcodronlc@telegraph.co.uk,Female,104.156.187.96
770,Mannie,Garman,mgarmanld@wikispaces.com,Male,245.22.178.115
771,Tracie,Tamplin,ttamplinle@flavors.me,Female,226.238.21.30
772,Murdoch,Mocker,mmockerlf@tiny.cc,Male,30.188.45.201
773,Linda,Chastang,lchastanglg@kickstarter.com,Female,133.125.222.223
774,Symon,McKeggie,smckeggielh@is.gd,Genderfluid,79.175.156.3
775,Orella,Le Teve,oleteveli@telegraph.co.uk,Female,253.118.80.207
776,Cullen,Pickersgill,cpickersgilllj@engadget.com,Male,55.42.23.13
777,Horst,Joseph,hjosephlk@w3.org,Male,162.26.13.97
778,Taber,Skillington,tskillingtonll@craigslist.org,Male,53.242.0.195
779,Brnaba,Rene,brenelm@blogger.com,Male,84.90.214.41
780,Vito,MacGarrity,vmacgarrityln@mediafire.com,Male,156.59.111.167
781,Fowler,McColm,fmccolmlo@dailymail.co.uk,Agender,185.193.0.128
782,Abram,Jillitt,ajillittlp@prweb.com,Male,197.150.61.142
783,Matthus,How,mhowlq@cam.ac.uk,Male,154.124.218.247
784,Suki,Studeart,sstudeartlr@example.com,Female,135.83.32.139
785,Ardisj,Proback,aprobackls@linkedin.com,Female,204.222.233.72
786,Ludvig,Praten,lpratenlt@scribd.com,Male,119.43.192.106
787,Isabella,Caswall,icaswalllu@wikimedia.org,Female,198.133.31.97
788,Easter,Salter,esalterlv@japanpost.jp,Female,179.138.154.53
789,Niki,Lenormand,nlenormandlw@nationalgeographic.com,Male,111.83.151.8
790,Daryl,Iannetti,diannettilx@lulu.com,Polygender,75.233.252.87
791,Junia,McGlaughn,jmcglaughnly@barnesandnoble.com,Female,136.149.194.243
792,Ewen,Aubin,eaubinlz@furl.net,Bigender,68.222.187.118
793,Ethelin,Habbes,ehabbesm0@amazon.com,Female,4.239.220.136
794,Denver,McCreedy,dmccreedym1@time.com,Male,122.215.68.185
795,Alphonse,Mailes,amailesm2@omniture.com,Male,222.42.181.73
796,Wanda,Whinray,wwhinraym3@cbsnews.com,Female,1.41.32.121
797,Kennedy,Jowling,kjowlingm4@mapy.cz,Male,174.23.135.62
798,Nickie,Flockhart,nflockhartm5@trellian.com,Female,125.66.4.216
799,Elvis,Seathwright,eseathwrightm6@phoca.cz,Male,139.130.254.252
800,Ahmed,Dyball,adyballm7@gnu.org,Male,121.202.74.86
801,Jania,Strutz,jstrutzm8@jigsy.com,Female,167.165.254.43
802,Hyacinthie,Swatradge,hswatradgem9@51.la,Non-binary,106.203.146.221
803,Delilah,Winear,dwinearma@goo.ne.jp,Female,109.235.250.70
804,Helga,Swepson,hswepsonmb@surveymonkey.com,Female,30.191.63.233
805,Nomi,Quan,nquanmc@rediff.com,Female,95.161.67.36
806,Lu,L'Amie,llamiemd@last.fm,Female,47.90.60.23
807,Odell,Mashro,omashrome@cbc.ca,Male,155.134.191.7
808,Wylma,Mustoe,wmustoemf@ocn.ne.jp,Female,123.73.89.6
809,Antoni,McQueen,amcqueenmg@dailymotion.com,Male,37.191.1.154
810,Godart,Braidley,gbraidleymh@wordpress.org,Male,17.173.197.55
811,Petrina,Caslake,pcaslakemi@i2i.jp,Female,204.251.188.8
812,Therine,Cowope,tcowopemj@mozilla.com,Female,240.187.127.87
813,Juliann,Fabry,jfabrymk@google.ca,Female,254.221.200.205
814,Russ,Vigours,rvigoursml@archive.org,Male,175.70.17.25
815,Quintana,Laverock,qlaverockmm@php.net,Female,175.33.165.247
816,Darren,Batters,dbattersmn@ftc.gov,Male,86.55.47.82
817,Ellynn,Provost,eprovostmo@ustream.tv,Female,35.68.150.31
818,Felic,Botton,fbottonmp@xrea.com,Male,1.191.54.153
819,Randee,Gould,rgouldmq@privacy.gov.au,Non-binary,17.104.246.135
820,Dulcia,Limeburner,dlimeburnermr@mac.com,Female,49.95.53.207
821,Car,Franzolini,cfranzolinims@ucoz.ru,Male,166.41.213.21
822,Marian,Cossey,mcosseymt@mozilla.com,Female,188.21.83.225
823,Ambrose,Dallman,adallmanmu@booking.com,Male,109.216.118.131
824,Glendon,Matteini,gmatteinimv@europa.eu,Male,166.79.178.87
825,Andrea,Smeeton,asmeetonmw@qq.com,Male,103.109.27.146
826,Yasmin,Hamshere,yhamsheremx@utexas.edu,Female,44.183.19.238
827,Winn,Cavan,wcavanmy@soup.io,Male,89.16.164.46
828,Shellysheldon,Bowart,sbowartmz@tinyurl.com,Male,254.40.212.231
829,Hale,Steenson,hsteensonn0@symantec.com,Male,162.157.98.101
830,Gloria,Whitington,gwhitingtonn1@imageshack.us,Female,45.40.185.110
831,Hanna,Hargrave,hhargraven2@nyu.edu,Female,237.149.88.99
832,Janeczka,Tracy,jtracyn3@wikimedia.org,Female,7.12.120.39
833,Essy,Gozney,egozneyn4@amazon.com,Female,231.164.119.203
834,Michelle,Tysack,mtysackn5@craigslist.org,Female,60.209.55.128
835,Chloris,Daymont,cdaymontn6@japanpost.jp,Genderfluid,114.103.244.31
836,Ody,Heaford,oheafordn7@google.it,Male,24.196.232.137
837,Jasmin,McEachern,jmceachernn8@youtube.com,Female,172.85.49.60
838,Roseline,Bellard,rbellardn9@ning.com,Female,14.17.4.162
839,Elenore,Minogue,eminoguena@exblog.jp,Female,139.229.243.231
840,Vinny,Magner,vmagnernb@disqus.com,Male,139.205.83.199
841,Tad,Willment,twillmentnc@cloudflare.com,Male,230.244.15.59
842,Darin,Goch,dgochnd@google.nl,Male,63.53.212.30
843,Dag,Tiller,dtillerne@tripod.com,Male,137.38.119.93
844,Harli,Hought,hhoughtnf@bloglovin.com,Female,119.168.55.118
845,Kayne,Brightey,kbrighteyng@rakuten.co.jp,Male,176.123.194.64
846,Samuele,Read,sreadnh@jiathis.com,Male,85.73.210.255
847,Lola,Dinley,ldinleyni@goo.gl,Female,35.98.111.252
848,Lucienne,Matzke,lmatzkenj@apache.org,Female,117.230.233.131
849,Carroll,Taffurelli,ctaffurellink@nationalgeographic.com,Male,202.63.117.140
850,Yorke,Cannell,ycannellnl@sogou.com,Male,213.53.106.229
851,Farr,Evelyn,fevelynnm@sohu.com,Male,226.186.2.130
852,Mickey,Stonuary,mstonuarynn@rediff.com,Male,51.50.246.52
853,Sarah,Gray,sgrayno@geocities.jp,Female,113.148.131.12
854,Jonah,Lembcke,jlembckenp@google.ca,Male,85.107.200.160
855,Vevay,Massei,vmasseinq@tumblr.com,Female,139.67.117.48
856,Munmro,Verni,mverninr@samsung.com,Male,56.38.118.172
857,Loren,Gear,lgearns@tmall.com,Genderfluid,24.39.165.53
858,Gaven,Vanini,gvaninint@livejournal.com,Male,179.127.239.181
859,Dorisa,Paler,dpalernu@buzzfeed.com,Female,192.249.59.1
860,Hayward,Emney,hemneynv@twitpic.com,Male,174.122.45.111
861,Aguste,Westerman,awestermannw@nsw.gov.au,Male,0.189.189.14
862,Siffre,Kattenhorn,skattenhornnx@blogs.com,Male,185.160.80.250
863,Atlanta,Athersmith,aathersmithny@cnn.com,Female,224.212.233.142
864,Colleen,Kleiner,ckleinernz@businessinsider.com,Female,180.103.158.47
865,Miller,Ballchin,mballchino0@princeton.edu,Male,208.161.140.130
866,Garrot,Rate,grateo1@jugem.jp,Male,211.82.84.113
867,Lenore,Dionsetto,ldionsettoo2@army.mil,Female,21.232.58.28
868,Feliza,Domney,fdomneyo3@imageshack.us,Female,193.63.173.104
869,Claude,Stannis,cstanniso4@engadget.com,Female,212.101.188.13
870,Gavin,Pavlik,gpavliko5@typepad.com,Male,145.111.45.157
871,Marylinda,Emberton,membertono6@goodreads.com,Female,71.193.188.93
872,Marja,Iltchev,miltchevo7@g.co,Female,58.107.227.51
873,Dominica,McCalum,dmccalumo8@gnu.org,Genderqueer,59.126.8.220
874,Gustave,Macken,gmackeno9@mediafire.com,Agender,7.119.255.174
875,Kristien,Bedbrough,kbedbroughoa@illinois.edu,Female,15.104.30.224
876,Gene,Sibbson,gsibbsonob@360.cn,Female,76.15.182.125
877,Hanny,Anthoney,hanthoneyoc@trellian.com,Non-binary,73.203.206.216
878,Jaquelyn,Kinson,jkinsonod@hibu.com,Female,45.19.176.57
879,Vivie,Shannahan,vshannahanoe@ustream.tv,Female,127.14.38.14
880,Gabrila,Ridoutt,gridouttof@bloglovin.com,Female,126.97.113.102
881,Ferrel,Tomasino,ftomasinoog@github.io,Male,79.44.185.57
882,Doralynne,Drought,ddroughtoh@sphinn.com,Female,248.53.52.30
883,Elton,Rodda,eroddaoi@twitpic.com,Male,187.99.64.151
884,Mathilde,Code,mcodeoj@networkadvertising.org,Female,188.16.237.95
885,Raymund,Brunker,rbrunkerok@wunderground.com,Male,233.109.115.190
886,Morgen,Curtain,mcurtainol@loc.gov,Agender,212.193.52.237
887,Olly,Whistlecroft,owhistlecroftom@nsw.gov.au,Male,65.216.66.228
888,Konstance,Lerer,klereron@paginegialle.it,Female,51.230.41.24
889,Abran,Raikes,araikesoo@globo.com,Male,112.146.188.85
890,Patrizio,Norwood,pnorwoodop@amazon.co.jp,Male,124.146.82.13
891,Jacki,Thurner,jthurneroq@hud.gov,Female,164.7.252.33
892,Michael,Smullen,msmullenor@cbsnews.com,Male,206.67.36.214
893,Malanie,Bernt,mberntos@shutterfly.com,Female,101.152.52.123
894,Harriette,Heselwood,hheselwoodot@godaddy.com,Female,180.6.221.152
895,Rufus,Diack,rdiackou@ft.com,Male,130.188.26.41
896,Terese,Camous,tcamousov@merriam-webster.com,Female,61.202.19.179
897,Edgardo,Pietri,epietriow@theguardian.com,Male,126.255.72.143
898,Cyndie,Ropking,cropkingox@multiply.com,Female,4.100.177.174
899,Ives,Clinton,iclintonoy@gmpg.org,Male,222.73.201.141
900,Pall,Doodney,pdoodneyoz@jugem.jp,Male,184.97.137.199
901,Candi,Ors,corsp0@merriam-webster.com,Female,141.69.115.23
902,Samuel,Robe,srobep1@mail.ru,Male,127.157.12.243
903,Willey,Tosspell,wtosspellp2@dailymotion.com,Male,224.91.236.118
904,Annabell,Peppard,apeppardp3@google.pl,Female,203.22.7.18
905,Harbert,Kilgrove,hkilgrovep4@wsj.com,Male,79.15.132.57
906,Felicity,Girauld,fgirauldp5@about.com,Female,213.9.56.101
907,Fanny,Ciobutaro,fciobutarop6@blinklist.com,Polygender,8.203.75.142
908,Emlyn,Bambrick,ebambrickp7@wufoo.com,Male,32.155.164.215
909,Maryjane,Baser,mbaserp8@wix.com,Female,187.52.222.177
910,Marabel,Farryn,mfarrynp9@house.gov,Female,115.227.48.114
911,Lavina,Mixworthy,lmixworthypa@illinois.edu,Female,57.38.111.250
912,Reggy,McSporon,rmcsporonpb@vistaprint.com,Male,6.1.238.104
913,Hobart,Bloxholm,hbloxholmpc@wikimedia.org,Male,176.192.103.223
914,Devy,Poulden,dpouldenpd@earthlink.net,Male,214.22.199.159
915,Clo,Hawkes,chawkespe@google.fr,Female,255.170.44.14
916,Brigit,Instone,binstonepf@imageshack.us,Female,157.205.160.14
917,Abigale,Wilsone,awilsonepg@disqus.com,Female,142.167.27.117
918,Maureene,Ortes,mortesph@youku.com,Genderqueer,170.87.93.9
919,Amy,Giffkins,agiffkinspi@mit.edu,Female,243.141.65.139
920,Beau,Torfin,btorfinpj@de.vu,Male,156.176.128.180
921,Elfrida,Plenderleith,eplenderleithpk@drupal.org,Non-binary,175.17.167.213
922,Judas,Pluck,jpluckpl@google.cn,Male,230.127.234.37
923,Dionne,McCuis,dmccuispm@mlb.com,Female,232.138.104.56
924,Valida,Spilsburie,vspilsburiepn@cbc.ca,Female,94.89.66.84
925,Kare,Fardoe,kfardoepo@jimdo.com,Female,55.186.88.226
926,Viv,Ivashnyov,vivashnyovpp@who.int,Female,39.203.252.165
927,Nonah,Cuming,ncumingpq@bing.com,Female,154.8.32.139
928,Perle,McCrostie,pmccrostiepr@bandcamp.com,Female,149.116.54.243
929,Dick,Beccero,dbeccerops@joomla.org,Male,168.236.54.24
930,Rebekah,Rabjohns,rrabjohnspt@bing.com,Female,251.0.84.29
931,Arri,Edmenson,aedmensonpu@comsenz.com,Male,125.237.219.226
932,Willard,Davidovich,wdavidovichpv@pcworld.com,Male,163.56.169.27
933,Asher,Mullinger,amullingerpw@nydailynews.com,Male,246.44.117.182
934,Madelin,MacGow,mmacgowpx@about.me,Female,118.49.94.93
935,Cassandry,Ornils,cornilspy@soup.io,Polygender,174.136.137.116
936,Drusi,Manchett,dmanchettpz@hao123.com,Female,142.138.91.161
937,Vanya,Rablin,vrablinq0@goo.gl,Male,210.91.202.219
938,Ado,Mayston,amaystonq1@elegantthemes.com,Male,194.179.67.30
939,Roanna,Trewartha,rtrewarthaq2@dailymotion.com,Female,206.164.127.3
940,Vale,Durbin,vdurbinq3@jigsy.com,Female,221.10.80.108
941,Kilian,Jakubski,kjakubskiq4@uol.com.br,Male,32.36.201.170
942,Bibi,Kinsley,bkinsleyq5@businesswire.com,Female,224.227.156.83
943,Gus,Blacket,gblacketq6@trellian.com,Female,101.7.60.216
944,Idette,Baptista,ibaptistaq7@bing.com,Female,234.52.253.52
945,Clevey,Vazquez,cvazquezq8@yale.edu,Male,33.120.149.193
946,Aila,Davidovici,adavidoviciq9@nsw.gov.au,Female,154.200.205.80
947,Clarance,Barmby,cbarmbyqa@surveymonkey.com,Male,186.78.134.78
948,Twyla,Hemphill,themphillqb@webeden.co.uk,Female,222.215.23.136
949,Joey,Marron,jmarronqc@biblegateway.com,Female,50.6.115.163
950,Hodge,Kerrich,hkerrichqd@cbsnews.com,Non-binary,129.66.14.8
951,Rickie,Mertgen,rmertgenqe@samsung.com,Female,74.96.209.88
952,Genevra,Dobrowlski,gdobrowlskiqf@dagondesign.com,Female,134.163.93.154
953,Kerby,Knight,kknightqg@ebay.co.uk,Male,94.205.158.225
954,Gilbert,Aingell,gaingellqh@prweb.com,Non-binary,64.54.151.222
955,Wilhelm,Saltrese,wsaltreseqi@prnewswire.com,Male,42.182.104.174
956,Irma,Giovanetti,igiovanettiqj@yelp.com,Female,15.114.5.82
957,Riccardo,Duffrie,rduffrieqk@businessinsider.com,Male,147.226.57.81
958,Dario,Raye,drayeql@freewebs.com,Male,253.246.221.160
959,Carmelina,Brummitt,cbrummittqm@blog.com,Female,250.242.9.255
960,Terrye,Whytock,twhytockqn@samsung.com,Female,78.220.126.210
961,Gaby,Watsham,gwatshamqo@dyndns.org,Male,172.108.0.75
962,Elton,Nashe,enasheqp@upenn.edu,Bigender,184.86.202.113
963,Georgianna,Glanvill,gglanvillqq@state.tx.us,Female,39.235.29.39
964,Hoyt,Inggall,hinggallqr@wiley.com,Male,237.95.239.233
965,Cati,Lindholm,clindholmqs@angelfire.com,Female,3.239.9.173
966,Grace,Timpany,gtimpanyqt@kickstarter.com,Male,76.63.34.124
967,Sherie,Dahlgren,sdahlgrenqu@bravesites.com,Female,244.226.171.225
968,Pablo,Buss,pbussqv@jiathis.com,Male,253.63.248.67
969,Marabel,Luscombe,mluscombeqw@people.com.cn,Female,60.229.20.168
970,Gian,Ormistone,gormistoneqx@exblog.jp,Male,253.65.43.117
971,Ingemar,Guerrieri,iguerrieriqy@tuttocitta.it,Male,205.211.191.152
972,Dickie,Yankeev,dyankeevqz@hugedomains.com,Male,237.120.45.151
973,Estell,Robens,erobensr0@networksolutions.com,Female,205.35.212.212
974,Cynthea,Dedman,cdedmanr1@fotki.com,Female,204.115.142.179
975,Arlena,Antonchik,aantonchikr2@yolasite.com,Female,232.210.207.82
976,Prue,Vaissiere,pvaissierer3@cbslocal.com,Female,250.231.34.147
977,Alard,LLelweln,allelwelnr4@alexa.com,Male,35.139.56.230
978,Celeste,Jenno,cjennor5@sogou.com,Female,229.208.230.153
979,Kerianne,Tibald,ktibaldr6@tinypic.com,Female,232.172.110.71
980,Anneliese,Zanicchi,azanicchir7@sitemeter.com,Female,113.68.206.207
981,Trenna,Ivett,tivettr8@smh.com.au,Female,12.169.105.82
982,Bennie,Condict,bcondictr9@macromedia.com,Genderqueer,179.149.218.148
983,Regen,Thomasen,rthomasenra@economist.com,Male,227.117.46.1
984,Broddy,Coley,bcoleyrb@flavors.me,Male,174.179.145.236
985,Jacintha,Marham,jmarhamrc@reddit.com,Female,70.187.158.168
986,Mirabelle,Morefield,mmorefieldrd@bluehost.com,Female,155.180.204.224
987,Selene,Gimlet,sgimletre@illinois.edu,Female,8.227.182.1
988,Dory,Cano,dcanorf@friendfeed.com,Polygender,45.34.166.158
989,Gregoor,Mc Carrick,gmccarrickrg@java.com,Male,115.245.65.167
990,Geoffrey,Alelsandrowicz,galelsandrowiczrh@slashdot.org,Male,226.131.189.173
991,Consuelo,Eadon,ceadonri@oakley.com,Female,142.248.172.223
992,Jeremiah,Sugge,jsuggerj@wikispaces.com,Male,31.115.89.36
993,Kinnie,Bank,kbankrk@addtoany.com,Male,172.21.62.120
994,Davida,Stebles,dsteblesrl@123-reg.co.uk,Female,207.233.134.230
995,Lazar,Devorill,ldevorillrm@usatoday.com,Male,106.223.159.26
996,Franz,Kinnerk,fkinnerkrn@census.gov,Male,47.144.236.169
997,Emmett,Fernan,efernanro@latimes.com,Male,82.250.91.78
998,Jodi,Willoughway,jwilloughwayrp@unesco.org,Male,119.196.120.239
999,Johnath,Compford,jcompfordrq@indiatimes.com,Genderqueer,254.226.116.184
1000,Reilly,Mix,rmixrr@accuweather.com,Male,215.118.190.187
